N° do imóvel;UF;Cidade;Bairro;Endereço;Preço;Valor de avaliação;Desconto;Descrição;Modalidade de venda;Link de acesso
 8444406351156 ;ES ;ANCHIETA ;ANCHIETA ; RUA DR. JAIRO DE MATTOS PEREIRA, N. SN, LT 23A QD 20 ;187.000,00;187.000,00;0.00;Casa, 71.50 de área total, 51.51 de área privativa, 180.00 de área do terreno,  2 qto(s), WC, 1 sala(s), cozinha, 1 vaga(s) de garagem.;Leilão SFI - Edital Único;https://venda-imoveis.caixa.gov.br/sistema/detalhe-imovel.asp?hdnOrigem=index&hdnimovel=8444406351156
 8444417554380 ;ES ;ARACRUZ ;CUPIDO ;RUA ROBERTO CAMPOS, N. SN, CS 01 QD 16 LT 20 ;185.000,00;185.000,00;0.00;Casa, 49.80 de área total, 49.80 de área privativa, 150.00 de área do terreno,  2 qto(s), a.serv, WC, 1 sala(s), cozinha, 1 vaga(s) de garagem.;Leilão SFI - Edital Único;https://venda-imoveis.caixa.gov.br/sistema/detalhe-imovel.asp?hdnOrigem=index&hdnimovel=8444417554380
 8555534525043 ;ES ;CACHOEIRO DE ITAPEMIRIM ;SAO FRANCISCO DE ASSIS ;RUA OZIL PASSONI, N. 104, Apto 205, BL 01 PAVIM 01 GARAGEM 18 ;156.457,00;156.457,00;0.00;Apartamento, 77.64 de área total, 49.49 de área privativa, 0.00 de área do terreno,  2 qto(s), a.serv, WC, 1 sala(s), cozinha, 1 vaga(s) de garagem.;Leilão SFI - Edital Único;https://venda-imoveis.caixa.gov.br/sistema/detalhe-imovel.asp?hdnOrigem=index&hdnimovel=8555534525043
 8444415646015 ;ES ;CARIACICA ;VISTA DOURADA ;RUA DAS ORQUIDEAS, N. 224B, LOTE 224B ;88.701,62;165.000,00;46.25;Casa, 0.00 de área total, 52.76 de área privativa, 292.74 de área do terreno,  2 qto(s), varanda, a.serv, WC, 1 sala(s), cozinha.;Venda Online;https://venda-imoveis.caixa.gov.br/sistema/detalhe-imovel.asp?hdnOrigem=index&hdnimovel=8444415646015
 8787711506691 ;ES ;CARIACICA ;TUCUM ;RUA SAO PAULO APOSTOLO, N. SN, Apto 204, BL 14, VG 113 ;200.000,00;200.000,00;0.00;Apartamento, 0.00 de área total, 41.85 de área privativa, 0.00 de área do terreno, 1 vaga(s) de garagem.;Leilão SFI - Edital Único;https://venda-imoveis.caixa.gov.br/sistema/detalhe-imovel.asp?hdnOrigem=index&hdnimovel=8787711506691
 8787713413828 ;ES ;CARIACICA ;TUCUM ;RUA SAO PAULO APOSTOLO, N. S/N, Apto 301, BL 05, VG N°  50 ;185.000,00;185.000,00;0.00;Apartamento, 60.59 de área total, 41.85 de área privativa, 0.00 de área do terreno,  2 qto(s), WC, 1 sala(s), cozinha, 1 vaga(s) de garagem.;Leilão SFI - Edital Único;https://venda-imoveis.caixa.gov.br/sistema/detalhe-imovel.asp?hdnOrigem=index&hdnimovel=8787713413828
 8787715091909 ;ES ;CARIACICA ;JARDIM DE ALAH ;RUA TREZE, N. 160, Apto 403, BLOCO 06 ;177.000,00;177.000,00;0.00;Apartamento, 59.40 de área total, 40.82 de área privativa, 0.00 de área do terreno,  2 qto(s), WC, 1 sala(s), cozinha, 1 vaga(s) de garagem.;Leilão SFI - Edital Único;https://venda-imoveis.caixa.gov.br/sistema/detalhe-imovel.asp?hdnOrigem=index&hdnimovel=8787715091909
 8787713311243 ;ES ;CARIACICA ;TUCUM ;RUA SAO PAULO APOSTOLO, N. 0, Apto 404, 4º PAVIMENTO - BLOCO 12 ;204.884,00;185.000,00;0.00;Apartamento, 60.59 de área total, 41.85 de área privativa, 0.00 de área do terreno,  2 qto(s), WC, 1 sala(s), cozinha, 1 vaga(s) de garagem.;Leilão SFI - Edital Único;https://venda-imoveis.caixa.gov.br/sistema/detalhe-imovel.asp?hdnOrigem=index&hdnimovel=8787713311243
 8787713718556 ;ES ;CARIACICA ;JARDIM DE ALAH ;RUA TREZE, N. 160, Apto 403, BL 16 ;185.000,00;151.000,00;0.00;Apartamento, 59.40 de área total, 40.82 de área privativa, 0.00 de área do terreno,  2 qto(s), WC, 1 sala(s), cozinha, 1 vaga(s) de garagem.;Leilão SFI - Edital Único;https://venda-imoveis.caixa.gov.br/sistema/detalhe-imovel.asp?hdnOrigem=index&hdnimovel=8787713718556
 8444419051199 ;ES ;CARIACICA ;JARDIM CAMPO GRANDE ;AVENIDA RIO GRANDO DO NORTE, N. 984,  CS 2 LT 11 QD 03 ;230.000,00;158.000,00;0.00;Casa, 0.00 de área total, 45.82 de área privativa, 126.00 de área do terreno,  2 qto(s), a.serv, WC, 1 sala(s), cozinha, 1 vaga(s) de garagem.;Leilão SFI - Edital Único;https://venda-imoveis.caixa.gov.br/sistema/detalhe-imovel.asp?hdnOrigem=index&hdnimovel=8444419051199
 1444414297043 ;ES ;CARIACICA ;VILA CAPIXABA ;RUA ANGELO LOVATTI, N. 113, Apto 401, BL C, VG 04, LT 01 ;212.000,00;145.000,00;0.00;Apartamento, 0.00 de área total, 47.80 de área privativa, 0.00 de área do terreno,  2 qto(s), a.serv, WC, 1 sala(s), cozinha, 1 vaga(s) de garagem.;Leilão SFI - Edital Único;https://venda-imoveis.caixa.gov.br/sistema/detalhe-imovel.asp?hdnOrigem=index&hdnimovel=1444414297043
 8444427465614 ;ES ;COLATINA ;AYRTON SENNA ;RUA LEANDRO RODRIGUES DE SOUZA, N. 84, LOTE 12 QUADRA 376 ;89.621,18;181.000,00;50.49;Casa, 0.00 de área total, 82.84 de área privativa, 145.87 de área do terreno,  2 qto(s), WC, 1 sala(s), cozinha, 1 vaga(s) de garagem.;Venda Online;https://venda-imoveis.caixa.gov.br/sistema/detalhe-imovel.asp?hdnOrigem=index&hdnimovel=8444427465614
 1444407414072 ;ES ;COLATINA ;SAO SILVANO ;RUA GUIOMAR SCARPAT, N. 149, 02B ;438.006,95;280.000,00;0.00;Casa, 91.49 de área total, 91.49 de área privativa, 100.00 de área do terreno,  2 qto(s), varanda, a.serv, WC, 1 sala(s), cozinha, 1 vaga(s) de garagem.;Leilão SFI - Edital Único;https://venda-imoveis.caixa.gov.br/sistema/detalhe-imovel.asp?hdnOrigem=index&hdnimovel=1444407414072
 8555531245724 ;ES ;GUARAPARI ;PRAIA DO MORRO ;RUA BENEDITO DE OLIVEIRA COUTINHO, N. 50, Apto 106, TERREO RUA A ;360.000,00;360.000,00;0.00;Apartamento, 121.38 de área total, 80.00 de área privativa, 0.00 de área do terreno,  2 qto(s), a.serv, WC, cozinha, 1 vaga(s) de garagem.;Leilão SFI - Edital Único;https://venda-imoveis.caixa.gov.br/sistema/detalhe-imovel.asp?hdnOrigem=index&hdnimovel=8555531245724
 1444406074090 ;ES ;GUARAPARI ;PRAIA DO MORRO ;AVENIDA ROBERTO SIMOES COSTA, N. 283, Apto 202, VG 202 LT 27 QD 12 ;320.000,00;284.000,00;0.00;Apartamento, 91.96 de área total, 57.54 de área privativa, 0.00 de área do terreno,  2 qto(s), varanda, WC, 1 sala(s), cozinha, 1 vaga(s) de garagem.;Leilão SFI - Edital Único;https://venda-imoveis.caixa.gov.br/sistema/detalhe-imovel.asp?hdnOrigem=index&hdnimovel=1444406074090
 1444419505094 ;ES ;ITAPEMIRIM ;PRAIA DE ITAIPAVA ; R DEOZOLINA VIANA DE AGUIAR, N. 181, CS 02 ;312.250,69;285.000,00;0.00;Casa, 122.96 de área total, 107.46 de área privativa, 250.70 de área do terreno,  3 qto(s), varanda, a.serv, WC, 1 sala(s), cozinha.;Leilão SFI - Edital Único;https://venda-imoveis.caixa.gov.br/sistema/detalhe-imovel.asp?hdnOrigem=index&hdnimovel=1444419505094
 1444407958960 ;ES ;LINHARES ;MOVELAR ;RUA ODILON NUNES BARROSO, N. 755, Apto 305, EDIFICIO-10 ;101.904,73;165.000,00;38.24;Apartamento, 0.00 de área total, 62.09 de área privativa, 0.00 de área do terreno,  2 qto(s), a.serv, WC, 1 sala(s), cozinha, 1 vaga(s) de garagem.;Licitação Aberta;https://venda-imoveis.caixa.gov.br/sistema/detalhe-imovel.asp?hdnOrigem=index&hdnimovel=1444407958960
 8787700737166 ;ES ;LINHARES ;SAO JOSE ;AVENIDA HENRIQUE GABURRO, N. 100, Apto 405, BL 08 ;209.000,00;209.000,00;0.00;Apartamento, 47.89 de área total, 47.89 de área privativa, 0.00 de área do terreno,  2 qto(s), a.serv, WC, 1 sala(s), cozinha, 1 vaga(s) de garagem.;Leilão SFI - Edital Único;https://venda-imoveis.caixa.gov.br/sistema/detalhe-imovel.asp?hdnOrigem=index&hdnimovel=8787700737166
 8787701498599 ;ES ;LINHARES ;SAO JOSE ;AVENIDA HENRIQUE GABURRO, N. 100, Apto 305, BL 7 ;217.800,00;217.800,00;0.00;Apartamento, 0.00 de área total, 47.89 de área privativa, 0.00 de área do terreno,  2 qto(s), a.serv, WC, 1 sala(s), cozinha, 1 vaga(s) de garagem.;Leilão SFI - Edital Único;https://venda-imoveis.caixa.gov.br/sistema/detalhe-imovel.asp?hdnOrigem=index&hdnimovel=8787701498599
 8444409096432 ;ES ;NOVA VENECIA ;RUBIA ;RUA PAPAZANAC, N. 0, LT 07 QD 14 ;65.294,05;133.000,00;50.91;Casa, 0.00 de área total, 48.74 de área privativa, 240.00 de área do terreno,  2 qto(s), WC, 1 sala(s), cozinha.;Venda Direta Online;https://venda-imoveis.caixa.gov.br/sistema/detalhe-imovel.asp?hdnOrigem=index&hdnimovel=8444409096432
 1444407147376 ;ES ;SAO MATEUS ;FORNO VELHO ;RUA DEZ, N.  41, QD.07 ;248.552,58;390.000,00;36.27;Casa, 0.00 de área total, 0.01 de área privativa, 180.00 de área do terreno,  2 qto(s), a.serv, WC, WC Emp, 1 sala(s), cozinha.;Venda Online;https://venda-imoveis.caixa.gov.br/sistema/detalhe-imovel.asp?hdnOrigem=index&hdnimovel=1444407147376
 1444405297400 ;ES ;SAO MATEUS ;GURIRI SUL ;RUA PROFESSOR AMARO NASCIMENTO MENDES, N. 1104, QD 03 LT 14 ;548.411,10;415.000,00;0.00;Casa, 0.00 de área total, 114.22 de área privativa, 300.00 de área do terreno,  2 qto(s), varanda, WC, 1 sala(s), cozinha.;Leilão SFI - Edital Único;https://venda-imoveis.caixa.gov.br/sistema/detalhe-imovel.asp?hdnOrigem=index&hdnimovel=1444405297400
 8555513372930 ;ES ;SAO MATEUS ;GURIRI NORTE ;RUA GENTIL OTAVIANO FUNDAO SANTOS, N. 326, LT 07B, QD 26 ;204.002,48;120.000,00;0.00;Casa, 0.00 de área total, 61.86 de área privativa, 150.00 de área do terreno,  2 qto(s), WC, 1 sala(s), cozinha.;Leilão SFI - Edital Único;https://venda-imoveis.caixa.gov.br/sistema/detalhe-imovel.asp?hdnOrigem=index&hdnimovel=8555513372930
 10006842 ;ES ;SERRA ;CIVIT II ;RUA COMENDADOR ALCIDES SIMAO HELOU, N. S/N, LT 01A, QDR 14D ;2.014.957,20;4.000.000,00;49.63;Comercial, 0.00 de área total, 0.00 de área privativa, 4980.00 de área do terreno.;Licitação Aberta;https://venda-imoveis.caixa.gov.br/sistema/detalhe-imovel.asp?hdnOrigem=index&hdnimovel=10006842
 8787711685383 ;ES ;SERRA ;OURIMAR ;RUA DOMINEU RODY SANTANA, N. 406, Apto 203, BL 18 VG 85 ;87.819,45;150.000,00;41.46;Apartamento, 0.00 de área total, 41.85 de área privativa, 0.00 de área do terreno,  2 qto(s), a.serv, WC, 1 sala(s), cozinha, 1 vaga(s) de garagem.;Licitação Aberta;https://venda-imoveis.caixa.gov.br/sistema/detalhe-imovel.asp?hdnOrigem=index&hdnimovel=8787711685383
 8787711992626 ;ES ;SERRA ;OURIMAR ;RUA DOMINEU RODY SANTANA, N. 406, Apto 303, BL 13 VAGA 198 ;81.964,82;140.000,00;41.46;Apartamento, 0.00 de área total, 41.85 de área privativa, 0.00 de área do terreno, 1 vaga(s) de garagem.;Licitação Aberta;https://venda-imoveis.caixa.gov.br/sistema/detalhe-imovel.asp?hdnOrigem=index&hdnimovel=8787711992626
 8444425339123 ;ES ;SERRA ;NOVO HORIZONTE ;RUA UIRAPURU, N. 1018, Apto 204H, BL 08 ;100.741,08;170.000,00;40.75;Apartamento, 0.00 de área total, 54.38 de área privativa, 0.00 de área do terreno,  2 qto(s), varanda, WC, 1 sala(s), cozinha, 1 vaga(s) de garagem.;Licitação Aberta;https://venda-imoveis.caixa.gov.br/sistema/detalhe-imovel.asp?hdnOrigem=index&hdnimovel=8444425339123
 8787706017874 ;ES ;SERRA ;RESIDENCIAL CENTRO DA SERRA ;AVENIDA PAU BRASIL, N. 321, Apto 207,  TORRE F ;93.629,95;158.000,00;40.75;Apartamento, 0.00 de área total, 44.54 de área privativa, 0.00 de área do terreno,  2 qto(s), a.serv, WC, 1 sala(s), 1 lavabo(s), cozinha, 1 vaga(s) de garagem.;Licitação Aberta;https://venda-imoveis.caixa.gov.br/sistema/detalhe-imovel.asp?hdnOrigem=index&hdnimovel=8787706017874
 1444406102425 ;ES ;SERRA ;PARQUE RESIDENCIAL LARANJEIRAS ;RUA MANOEL BANDEIRA, N. 55, Apto 302, LT 10, QD 2-E ;374.740,81;588.000,00;36.27;Apartamento, 0.00 de área total, 86.19 de área privativa, 0.00 de área do terreno,  3 qto(s), varanda, a.serv, WC, 1 sala(s), cozinha, 1 vaga(s) de garagem.;Licitação Aberta;https://venda-imoveis.caixa.gov.br/sistema/detalhe-imovel.asp?hdnOrigem=index&hdnimovel=1444406102425
 8787706102529 ;ES ;SERRA ;COLINA DE LARANJEIRAS ;RUA BARAO DO RIO BRANCO, N. 640, Apto 208, TORRE 04, VG 308-PNE ;158.532,71;234.000,00;32.26;Apartamento, 0.00 de área total, 42.24 de área privativa, 0.00 de área do terreno, 1 vaga(s) de garagem.;Leilão SFI - Edital Único;https://venda-imoveis.caixa.gov.br/sistema/detalhe-imovel.asp?hdnOrigem=index&hdnimovel=8787706102529
 8787717314468 ;ES ;SERRA ;JARDIM TROPICAL ;AVENIDA CENTRAL, N. 217, Apto 408, TR 02 LT 06-A QD 51 ;220.000,00;220.000,00;0.00;Apartamento, 90.71 de área total, 48.39 de área privativa, 0.00 de área do terreno,  2 qto(s), varanda, a.serv, WC, 1 sala(s), cozinha, 1 vaga(s) de garagem.;Leilão SFI - Edital Único;https://venda-imoveis.caixa.gov.br/sistema/detalhe-imovel.asp?hdnOrigem=index&hdnimovel=8787717314468
 8787708383819 ;ES ;SERRA ;BICANGA ;AVENIDA AUGUSTO RUSCHI, N. 1900, Apto 204, BL 02 VG 64 ;172.000,00;172.000,00;0.00;Apartamento, 61.30 de área total, 42.05 de área privativa, 0.00 de área do terreno,  2 qto(s), a.serv, WC, 1 sala(s), cozinha, 1 vaga(s) de garagem.;Leilão SFI - Edital Único;https://venda-imoveis.caixa.gov.br/sistema/detalhe-imovel.asp?hdnOrigem=index&hdnimovel=8787708383819
 8787701537748 ;ES ;SERRA ;BALNEARIO DE CARAPEBUS ;AVENIDA AUGUSTO RUSCHI, N. 1900, Apto 309, BL 05 ;170.000,00;170.000,00;0.00;Apartamento, 63.44 de área total, 42.84 de área privativa, 0.00 de área do terreno,  2 qto(s), a.serv, WC, cozinha, 1 vaga(s) de garagem.;Leilão SFI - Edital Único;https://venda-imoveis.caixa.gov.br/sistema/detalhe-imovel.asp?hdnOrigem=index&hdnimovel=8787701537748
 8787709903778 ;ES ;SERRA ;MORADA DE LARANJEIRAS ;RUA DAS GRAUNAS, N. 53, Apto 304, BL 06 VG 214 215 ;190.000,00;190.000,00;0.00;Apartamento, 69.47 de área total, 40.82 de área privativa, 0.00 de área do terreno,  2 qto(s), a.serv, WC, 1 sala(s), cozinha, 2 vaga(s) de garagem.;Leilão SFI - Edital Único;https://venda-imoveis.caixa.gov.br/sistema/detalhe-imovel.asp?hdnOrigem=index&hdnimovel=8787709903778
 8555525937733 ;ES ;SERRA ;ESTANCIA MONAZITICA ;RUA RIO GRANDE DO SUL, N. SN, Apto 407, BL 03 ;125.000,00;125.000,00;0.00;Apartamento, 0.00 de área total, 46.47 de área privativa, 0.00 de área do terreno, 1 vaga(s) de garagem.;Leilão SFI - Edital Único;https://venda-imoveis.caixa.gov.br/sistema/detalhe-imovel.asp?hdnOrigem=index&hdnimovel=8555525937733
 8787710898995 ;ES ;SERRA ;OURIMAR ;RUA DOMINEU RODY SANTANA, N. 406, Apto 301, BL 13 VG GARAGEM 196 ;174.000,00;174.000,00;0.00;Apartamento, 61.92 de área total, 41.85 de área privativa, 0.00 de área do terreno,  2 qto(s), a.serv, WC, 1 sala(s), cozinha, 1 vaga(s) de garagem.;Leilão SFI - Edital Único;https://venda-imoveis.caixa.gov.br/sistema/detalhe-imovel.asp?hdnOrigem=index&hdnimovel=8787710898995
 8787715271419 ;ES ;SERRA ;GUARACIABA ;RUA GUSTAVO BARROSO, N. 919, Apto 202, BL 08 CH 291 A ;198.000,00;198.000,00;0.00;Apartamento, 63.56 de área total, 40.83 de área privativa, 0.00 de área do terreno,  2 qto(s), a.serv, WC, 1 sala(s), cozinha, 1 vaga(s) de garagem.;Leilão SFI - Edital Único;https://venda-imoveis.caixa.gov.br/sistema/detalhe-imovel.asp?hdnOrigem=index&hdnimovel=8787715271419
 8444423436091 ;ES ;SERRA ;CONJUNTO JACARAIPE ;RUA C, N. SN, Apto 101, BL 403 MOD D ;243.000,00;243.000,00;0.00;Apartamento, 0.00 de área total, 73.21 de área privativa, 0.00 de área do terreno,  3 qto(s), WC, 1 sala(s), DCE, cozinha.;Leilão SFI - Edital Único;https://venda-imoveis.caixa.gov.br/sistema/detalhe-imovel.asp?hdnOrigem=index&hdnimovel=8444423436091
 8787707341675 ;ES ;SERRA ;MORADA DE LARANJEIRAS ;RUA DOS ROUXINOIS, N. 52, Apto 403, BL 11 ;207.335,00;206.933,00;0.00;Apartamento, 60.41 de área total, 40.83 de área privativa, 0.00 de área do terreno,  2 qto(s), a.serv, WC, 1 sala(s), cozinha, 1 vaga(s) de garagem.;Leilão SFI - Edital Único;https://venda-imoveis.caixa.gov.br/sistema/detalhe-imovel.asp?hdnOrigem=index&hdnimovel=8787707341675
 1444410840699 ;ES ;SERRA ;COLINA DE LARANJEIRAS ;RUA HERMAN STERN, N. 235, Apto 505, TORRE A ;270.000,00;267.000,00;0.00;Apartamento, 92.09 de área total, 47.88 de área privativa, 0.00 de área do terreno,  2 qto(s), WC, 1 sala(s), cozinha, 1 vaga(s) de garagem.;Leilão SFI - Edital Único;https://venda-imoveis.caixa.gov.br/sistema/detalhe-imovel.asp?hdnOrigem=index&hdnimovel=1444410840699
 1444417094704 ;ES ;SERRA ;JOSE DE ANCHIETA ;RUA DOS CARVALHOS, N. SN, QD 6, LT 8,  TIPO ES-2-42A-SL ;306.969,67;294.000,00;0.00;Casa, 125.00 de área total, 125.00 de área privativa, 200.00 de área do terreno,  2 qto(s), a.serv, WC, 1 sala(s), cozinha.;Leilão SFI - Edital Único;https://venda-imoveis.caixa.gov.br/sistema/detalhe-imovel.asp?hdnOrigem=index&hdnimovel=1444417094704
 1787701071686 ;ES ;SERRA ;MORADA DE LARANJEIRAS ;RUA DAS GRAUNAS, N. 53, Apto 104, BL 03 ;242.374,75;227.000,00;0.00;Apartamento, 58.93 de área total, 40.82 de área privativa, 0.00 de área do terreno,  2 qto(s), WC, 1 sala(s), cozinha, 1 vaga(s) de garagem.;Leilão SFI - Edital Único;https://venda-imoveis.caixa.gov.br/sistema/detalhe-imovel.asp?hdnOrigem=index&hdnimovel=1787701071686
 8787710584028 ;ES ;SERRA ;BICANGA ;AVENIDA BICANGA, N. 973, Apto 303, BL 07 VG 155 ;167.113,62;155.000,00;0.00;Apartamento, 0.00 de área total, 42.47 de área privativa, 0.00 de área do terreno,  2 qto(s), a.serv, WC, 1 sala(s), cozinha, 1 vaga(s) de garagem.;Leilão SFI - Edital Único;https://venda-imoveis.caixa.gov.br/sistema/detalhe-imovel.asp?hdnOrigem=index&hdnimovel=8787710584028
 8444417657979 ;ES ;SERRA ;ESTANCIA MONAZITICA ;RUA RIO GRANDE DO SUL, N. 58, Apto 409, BL 05  VAGA DE GARAGEM N 24 ;150.000,00;135.000,00;0.00;Apartamento, 62.53 de área total, 44.30 de área privativa, 0.00 de área do terreno,  2 qto(s), a.serv, WC, 1 sala(s), cozinha, 1 vaga(s) de garagem.;Leilão SFI - Edital Único;https://venda-imoveis.caixa.gov.br/sistema/detalhe-imovel.asp?hdnOrigem=index&hdnimovel=8444417657979
 8787715609797 ;ES ;SERRA ;GUARACIABA ;RUA GUSTAVO BARROSO, N. 919, Apto 103, BL 09 ;202.859,84;177.000,00;0.00;Apartamento, 62.38 de área total, 40.83 de área privativa, 0.00 de área do terreno,  2 qto(s), a.serv, WC, 1 sala(s), cozinha, 1 vaga(s) de garagem.;Leilão SFI - Edital Único;https://venda-imoveis.caixa.gov.br/sistema/detalhe-imovel.asp?hdnOrigem=index&hdnimovel=8787715609797
 8787705093771 ;ES ;SERRA ;RESIDENCIAL CENTRO DA SERRA ;AVENIDA PAU BRASIL, N. 321, Apto 310, TORRE F ;170.000,00;142.000,00;0.00;Apartamento, 81.51 de área total, 43.52 de área privativa, 0.00 de área do terreno,  2 qto(s), WC, 1 sala(s), cozinha, 1 vaga(s) de garagem.;Leilão SFI - Edital Único;https://venda-imoveis.caixa.gov.br/sistema/detalhe-imovel.asp?hdnOrigem=index&hdnimovel=8787705093771
 8787712407131 ;ES ;SERRA ;OURIMAR ;RUA DOMINEU RODY SANTANA, N. 406, Apto 303, BL 14 ;180.000,00;137.000,00;0.00;Apartamento, 61.92 de área total, 41.85 de área privativa, 0.00 de área do terreno,  2 qto(s), a.serv, WC, 1 sala(s), cozinha, 1 vaga(s) de garagem.;Leilão SFI - Edital Único;https://venda-imoveis.caixa.gov.br/sistema/detalhe-imovel.asp?hdnOrigem=index&hdnimovel=8787712407131
 8444416328327 ;ES ;SERRA ;JARDIM CARAPINA ;RUA PANCAS, N. 11, Apto 304, ALA A, QD 36, BL 3604 ;158.486,24;93.000,00;0.00;Apartamento, 0.00 de área total, 37.22 de área privativa, 0.00 de área do terreno,  1 qto(s), a.serv, WC, 1 sala(s), cozinha.;Leilão SFI - Edital Único;https://venda-imoveis.caixa.gov.br/sistema/detalhe-imovel.asp?hdnOrigem=index&hdnimovel=8444416328327
 1555515350421 ;ES ;SERRA ;NOVO HORIZONTE ;RUA I, N. SN, LT 16, QD 45 ;1.100.000,00;218.168,00;0.00;Terreno, 0.00 de área total, 0.00 de área privativa, 300.00 de área do terreno.;Leilão SFI - Edital Único;https://venda-imoveis.caixa.gov.br/sistema/detalhe-imovel.asp?hdnOrigem=index&hdnimovel=1555515350421
 8444428176403 ;ES ;VIANA ;CAMPO VERDE ;RUA RONDON PACHECO, N. SN, CS 02  LT 02  QD I ;88.107,45;173.000,00;49.08;Casa, 0.00 de área total, 65.05 de área privativa, 250.25 de área do terreno,  3 qto(s), a.serv, WC, 1 sala(s), cozinha.;Venda Online;https://venda-imoveis.caixa.gov.br/sistema/detalhe-imovel.asp?hdnOrigem=index&hdnimovel=8444428176403
 8787707664962 ;ES ;VIANA ;VILA BETHANIA ;RUA JOAO DEOLINDO, N. 181, Apto 404,  BL13 ;82.550,28;141.000,00;41.46;Apartamento, 0.00 de área total, 42.00 de área privativa, 14814.01 de área do terreno,  2 qto(s), WC, 1 sala(s), cozinha, 1 vaga(s) de garagem.;Licitação Aberta;https://venda-imoveis.caixa.gov.br/sistema/detalhe-imovel.asp?hdnOrigem=index&hdnimovel=8787707664962
 8555537379722 ;ES ;VIANA ;VILA BETHANIA ;RUA JOAO DEOLINDO, N. SN, Apto 401, BL 09 ;94.815,14;160.000,00;40.75;Apartamento, 0.00 de área total, 42.00 de área privativa, 0.00 de área do terreno,  2 qto(s), a.serv, WC, 1 sala(s), cozinha.;Licitação Aberta;https://venda-imoveis.caixa.gov.br/sistema/detalhe-imovel.asp?hdnOrigem=index&hdnimovel=8555537379722
 8787712519746 ;ES ;VIANA ;VILA BETHANIA ;RODOVIA DO SOL, N. 181, Apto 303, BL 10 ;101.298,12;170.940,00;40.75;Apartamento, 0.00 de área total, 42.00 de área privativa, 0.00 de área do terreno,  2 qto(s), a.serv, WC, 1 sala(s), cozinha, 1 vaga(s) de garagem.;Licitação Aberta;https://venda-imoveis.caixa.gov.br/sistema/detalhe-imovel.asp?hdnOrigem=index&hdnimovel=8787712519746
 8787713160792 ;ES ;VIANA ;VILA BETHANIA ;RUA JOAO DEOLINDO, N. 181, Apto 303, BL 16 ;183.000,00;183.000,00;0.00;Apartamento, 59.44 de área total, 42.00 de área privativa, 0.00 de área do terreno,  2 qto(s), a.serv, WC, 1 sala(s), cozinha, 1 vaga(s) de garagem.;Leilão SFI - Edital Único;https://venda-imoveis.caixa.gov.br/sistema/detalhe-imovel.asp?hdnOrigem=index&hdnimovel=8787713160792
 8787711609237 ;ES ;VIANA ;VILA BETHANIA ;RUA SANTA HELENA, N. 181, Apto 402, BL.2 ;160.857,71;160.000,00;0.00;Apartamento, 0.00 de área total, 42.00 de área privativa, 0.00 de área do terreno, 1 vaga(s) de garagem.;Leilão SFI - Edital Único;https://venda-imoveis.caixa.gov.br/sistema/detalhe-imovel.asp?hdnOrigem=index&hdnimovel=8787711609237
 10208367 ;ES ;VILA VELHA ;RIO MARINHO ;RUA MARILANDIA, N. 00, QD 32, LT 36 ;1.138.375,71;1.859.166,00;38.77;Loja, 0.00 de área total, 850.00 de área privativa, 384.00 de área do terreno.;Venda Direta Online;https://venda-imoveis.caixa.gov.br/sistema/detalhe-imovel.asp?hdnOrigem=index&hdnimovel=10208367
 8787713079669 ;ES ;VILA VELHA ;CENTRO DE VILA VELHA ;RUA JOAO DEOLINDO, N. 181, Apto 401, BL 19, VILA BETHANIA ;170.940,00;170.940,00;0.00;Apartamento, 0.00 de área total, 42.00 de área privativa, 0.00 de área do terreno.;Leilão SFI - Edital Único;https://venda-imoveis.caixa.gov.br/sistema/detalhe-imovel.asp?hdnOrigem=index&hdnimovel=8787713079669
 1444400700355 ;ES ;VILA VELHA ;COQUEIRAL DE ITAPARICA ;AVENIDA SANTA LEOPOLDINA, N. 2200, Apto 202, BLOCO 145, MÓDULO C, 6ª ETAPA ;280.000,00;280.000,00;0.00;Apartamento, 51.91 de área total, 51.91 de área privativa, 0.00 de área do terreno,  2 qto(s), a.serv, WC, 1 sala(s), cozinha.;Leilão SFI - Edital Único;https://venda-imoveis.caixa.gov.br/sistema/detalhe-imovel.asp?hdnOrigem=index&hdnimovel=1444400700355
 8444412562473 ;ES ;VILA VELHA ;COQUEIRAL DE ITAPARICA ;AVENIDA SANTA LEOPOLDINA, N. 2200, Apto 402, BLOCO 153, MODULO H ;250.000,00;250.000,00;0.00;Apartamento, 46.95 de área total, 46.95 de área privativa, 0.00 de área do terreno,  2 qto(s), a.serv, WC, 1 sala(s), cozinha.;Leilão SFI - Edital Único;https://venda-imoveis.caixa.gov.br/sistema/detalhe-imovel.asp?hdnOrigem=index&hdnimovel=8444412562473
 8555524768725 ;ES ;VILA VELHA ;ATAIDE ;R COMENDADOR IRINEU VASCONCELOS, N. 320, Apto 105, TR 01 ;210.000,00;210.000,00;0.00;Apartamento, 0.00 de área total, 48.08 de área privativa, 0.00 de área do terreno,  2 qto(s), varanda, a.serv, WC, 1 sala(s), sacada, cozinha, 1 vaga(s) de garagem.;Leilão SFI - Edital Único;https://venda-imoveis.caixa.gov.br/sistema/detalhe-imovel.asp?hdnOrigem=index&hdnimovel=8555524768725
 8444420050702 ;ES ;VILA VELHA ;ARIBIRI ;RUA ONZE, N. SN, Apto 204, BL 02 ;200.000,00;200.000,00;0.00;Apartamento, 0.00 de área total, 46.20 de área privativa, 0.00 de área do terreno,  2 qto(s), varanda, a.serv, WC, 1 sala(s), cozinha, 1 vaga(s) de garagem.;Leilão SFI - Edital Único;https://venda-imoveis.caixa.gov.br/sistema/detalhe-imovel.asp?hdnOrigem=index&hdnimovel=8444420050702
 1555524881663 ;ES ;VILA VELHA ;ULISSES GUIMARAES ;AVENIDA SERINGAL (ANTIGA RUA TRINCA FERRO), N. 515, Apto 402, TORRE E, LOTE 40A ;140.000,00;140.000,00;0.00;Apartamento, 0.00 de área total, 43.81 de área privativa, 0.00 de área do terreno,  2 qto(s), a.serv, WC, 1 sala(s), cozinha, 1 vaga(s) de garagem.;Leilão SFI - Edital Único;https://venda-imoveis.caixa.gov.br/sistema/detalhe-imovel.asp?hdnOrigem=index&hdnimovel=1555524881663
 8787710705402 ;ES ;VILA VELHA ;NOSSA SENHORA DA PENHA ;RUA SANTIAGO DANTAS, N. SN, Apto 605, TO 01 ;258.000,00;258.000,00;0.00;Apartamento, 66.85 de área total, 43.67 de área privativa, 0.00 de área do terreno,  2 qto(s), a.serv, WC, 1 sala(s), cozinha, 1 vaga(s) de garagem.;Leilão SFI - Edital Único;https://venda-imoveis.caixa.gov.br/sistema/detalhe-imovel.asp?hdnOrigem=index&hdnimovel=8787710705402
 8787711647007 ;ES ;VILA VELHA ;NOSSA SENHORA DA PENHA ;RUA SANTIAGO DANTAS, N. SN, Apto 202, TORRE 3 ;230.000,00;230.000,00;0.00;Apartamento, 0.00 de área total, 51.46 de área privativa, 0.00 de área do terreno, 1 vaga(s) de garagem.;Leilão SFI - Edital Único;https://venda-imoveis.caixa.gov.br/sistema/detalhe-imovel.asp?hdnOrigem=index&hdnimovel=8787711647007
 8555537707614 ;ES ;VILA VELHA ;SANTA PAULA I ;AVENIDA DOUTOR DORIO SILVA, N. SN, Apto 202, BL 07 - TR I - ED VERONA ;297.000,00;297.000,00;0.00;Apartamento, 0.00 de área total, 60.59 de área privativa, 0.00 de área do terreno,  2 qto(s), varanda, a.serv, WC, 1 sala(s), cozinha, 1 vaga(s) de garagem.;Leilão SFI - Edital Único;https://venda-imoveis.caixa.gov.br/sistema/detalhe-imovel.asp?hdnOrigem=index&hdnimovel=8555537707614
 8787711836772 ;ES ;VILA VELHA ;SANTA PAULA II ;RUA NOSSA SENHORA DE SANTANA, N. 395, Apto 208, TORRE A2 ;320.000,00;320.000,00;0.00;Apartamento, 121.59 de área total, 49.59 de área privativa, 0.00 de área do terreno,  3 qto(s), WC, 1 sala(s), cozinha, 1 vaga(s) de garagem.;Leilão SFI - Edital Único;https://venda-imoveis.caixa.gov.br/sistema/detalhe-imovel.asp?hdnOrigem=index&hdnimovel=8787711836772
 8555527032770 ;ES ;VILA VELHA ;ULISSES GUIMARAES ;AVENIDA SERINGAL, N. 515, Apto 405, LT 40A TORRE C ;139.580,82;136.000,00;0.00;Apartamento, 50.00 de área total, 50.00 de área privativa, 0.00 de área do terreno,  2 qto(s), a.serv, WC, 1 sala(s), cozinha, 1 vaga(s) de garagem.;Leilão SFI - Edital Único;https://venda-imoveis.caixa.gov.br/sistema/detalhe-imovel.asp?hdnOrigem=index&hdnimovel=8555527032770
 8555523158907 ;ES ;VILA VELHA ;TERRA VERMELHA ;RUA LINHARES, N. 950, Apto 402, BL 02 ;132.105,54;122.500,00;0.00;Apartamento, 0.00 de área total, 44.71 de área privativa, 0.00 de área do terreno, 1 vaga(s) de garagem.;Leilão SFI - Edital Único;https://venda-imoveis.caixa.gov.br/sistema/detalhe-imovel.asp?hdnOrigem=index&hdnimovel=8555523158907
 1444402226804 ;ES ;VITORIA ;MATA DA PRAIA ;AVENIDA COMANDANTE ALVARO MARTINS, N. 110, Apto 102, BLOCO C ;1.346.000,00;1.346.000,00;0.00;Apartamento, 0.00 de área total, 160.98 de área privativa, 0.00 de área do terreno.;Leilão SFI - Edital Único;https://venda-imoveis.caixa.gov.br/sistema/detalhe-imovel.asp?hdnOrigem=index&hdnimovel=1444402226804
 1555501082101 ;ES ;VITORIA ;PRAIA DO CANTO ;RUA CONSTANTE SODRE, N. 869, Apto 704, ;570.000,00;570.000,00;0.00;Apartamento, 0.00 de área total, 120.00 de área privativa, 0.00 de área do terreno,  3 qto(s), a.serv, WC, 1 sala(s), cozinha, 1 vaga(s) de garagem.;Leilão SFI - Edital Único;https://venda-imoveis.caixa.gov.br/sistema/detalhe-imovel.asp?hdnOrigem=index&hdnimovel=1555501082101
 10212305 ;ES ;VITORIA ;CONSOLACAO ;RUA ANTONIO ALEIXO, N. 470, Apto 102, BL B ;332.280,00;302.515,00;0.00;Apartamento, 0.00 de área total, 60.00 de área privativa, 0.00 de área do terreno,  2 qto(s), a.serv, WC, 1 sala(s), cozinha.;Leilão SFI - Edital Único;https://venda-imoveis.caixa.gov.br/sistema/detalhe-imovel.asp?hdnOrigem=index&hdnimovel=10212305
